Problem Name,Difficulty,LeetCode Link
Climbing Stairs,Easy,https://leetcode.com/problems/climbing-stairs/
Min Cost Climbing Stairs,Easy,https://leetcode.com/problems/min-cost-climbing-stairs/
House Robber,Medium,https://leetcode.com/problems/house-robber/
House Robber II,Medium,https://leetcode.com/problems/house-robber-ii/
Maximum Subarray,Medium,https://leetcode.com/problems/maximum-subarray/
Best Time to Buy and Sell Stock,Easy,https://leetcode.com/problems/best-time-to-buy-and-sell-stock/
Best Time to Buy and Sell Stock II,Medium,https://leetcode.com/problems/best-time-to-buy-and-sell-stock-ii/
Decode Ways,Medium,https://leetcode.com/problems/decode-ways/
Word Break,Medium,https://leetcode.com/problems/word-break/
Longest Increasing Subsequence,Medium,https://leetcode.com/problems/longest-increasing-subsequence/
Coin Change,Medium,https://leetcode.com/problems/coin-change/
Combination Sum IV,Medium,https://leetcode.com/problems/combination-sum-iv/
Perfect Squares,Medium,https://leetcode.com/problems/perfect-squares/
Jump Game,Medium,https://leetcode.com/problems/jump-game/
Jump Game II,Hard,https://leetcode.com/problems/jump-game-ii/
